epoch,loss,val_loss
0,2651.7431640625,2651.779541015625
1,2651.464111328125,2651.77978515625
2,2651.46435546875,2651.779541015625
